"id","year","season","scheme","state_name","state_code","district_count","farmer_count","loanee","non_loanee","area_insured","sum_insured","farmer_share","goi_share","state_share","male","female","transgender","sc","st","obc","gen","marginal","small","other","iu_count","gross_premium"
0,"2018-01-01","Kharif","PMFBY","Andhra Pradesh","28",13.0,835374.0,854000.0,60636.0,693.91,537176.33,14548.64,14577.82,14577.82,68.45,31.48,0.07,4.18,1.54,47.37,46.91,15.36,76.7,7.94,10385.0,43704.28
1,"2018-01-01","Kharif","PMFBY","Assam","18",25.0,24843.0,23772.0,1362.0,17.29,10328.44,188.74,107.82,107.82,90.63,9.34,0.03,4.59,12.92,28.65,53.84,48.74,47.07,4.19,113.0,404.38
2,"2018-01-01","Kharif","PMFBY","Chhattisgarh","22",27.0,1193589.0,1200249.0,168884.0,1996.95,717840.9,14356.82,32338.85,32338.85,87.96,11.94,0.1,9.41,24.11,59.87,6.61,20.57,59.44,19.99,10994.0,79034.52
3,"2018-01-01","Kharif","PMFBY","Goa","30",2.0,322.0,343.0,1.0,0.28,328.18,3.34,0.02,0.02,77.62,22.38,-0.0,0.0,33.72,0.58,65.7,1.45,98.26,0.29,18.0,3.37
4,"2018-01-01","Kharif","PMFBY","Gujarat","24",2.0,53.0,53.0,0.0,0.05,19.59,0.89,0.43,0.43,96.23,3.77,-0.0,0.0,0.0,35.85,64.15,32.08,67.92,0.0,5.0,1.74
5,"2018-01-01","Kharif","PMFBY","Haryana","6",22.0,648116.0,718250.0,6842.0,990.25,696333.25,13926.47,18113.53,26092.13,92.52,7.43,0.05,1.06,0.13,20.64,78.17,15.99,63.17,20.84,6781.0,58132.13
6,"2018-01-01","Kharif","PMFBY","Himachal Pradesh","2",10.0,83816.0,87590.0,1147.0,32.2,9661.05,168.8,10.73,10.73,92.39,7.57,0.04,5.89,2.34,10.01,81.76,36.06,51.44,12.5,126.0,190.26
7,"2018-01-01","Kharif","PMFBY","Jammu And Kashmir","1",10.0,84444.0,85268.0,2559.0,63.49,56514.67,1130.29,1822.68,1822.68,96.43,3.52,0.05,5.7,2.86,8.2,83.24,28.8,54.54,16.66,148.0,4775.65
8,"2018-01-01","Kharif","PMFBY","Jharkhand","20",24.0,961910.0,142899.0,1107773.0,588.53,327706.4,0.0,16680.95,23193.88,74.97,24.96,0.07,5.9,26.36,52.72,15.02,13.33,83.78,2.89,4339.0,39874.83
9,"2018-01-01","Kharif","PMFBY","Karnataka","29",30.0,2111355.0,663419.0,1447936.0,2.24,8.64,0.19,0.72,0.72,81.16,18.84,0.0,4.42,2.91,20.47,72.2,19.91,51.65,28.44,21141.0,1.63
10,"2018-01-01","Kharif","PMFBY","Kerala","32",14.0,6618.0,7352.0,15.0,7.01,5661.56,122.3,66.46,66.46,57.23,39.0,3.77,0.96,0.14,25.26,73.64,40.6,47.58,11.82,395.0,255.22
11,"2018-01-01","Kharif","PMFBY","Madhya Pradesh","23",51.0,3012167.0,3412562.0,129254.0,6988.57,2508408.35,51430.06,171178.26,171178.26,87.31,12.54,0.15,6.02,14.05,53.04,26.89,17.11,54.17,28.72,19455.0,393786.58
12,"2018-01-01","Kharif","PMFBY","Maharashtra","27",34.0,4593623.0,1539029.0,8395970.0,5675.5,1980272.67,50357.99,185614.11,185614.11,82.41,17.56,0.03,4.5,1.72,35.46,58.32,15.46,71.8,12.74,2137.0,421586.21
13,"2018-01-01","Kharif","PMFBY","Odisha","21",30.0,1784618.0,1752130.0,278546.0,1431.12,838532.18,16809.34,47694.87,47694.87,87.08,12.88,0.04,10.73,11.83,55.78,21.66,10.98,84.59,4.43,7009.0,112199.08
14,"2018-01-01","Kharif","PMFBY","Puducherry","34",1.0,1.0,2.0,0.0,0.0,1.0,0.02,0.04,0.04,0.0,100.0,0.0,0.0,0.0,100.0,0.0,100.0,0.0,0.0,1.0,0.1
15,"2018-01-01","Kharif","PMFBY","Rajasthan","8",33.0,2053759.0,4264046.0,5621.0,4770.18,1522924.06,34330.02,105848.24,105848.24,88.84,10.95,0.21,8.65,7.09,62.14,22.12,18.42,44.87,36.71,11290.0,246026.5
16,"2018-01-01","Kharif","PMFBY","Sikkim","11",4.0,216.0,210.0,31.0,0.11,132.53,3.13,0.0,0.0,85.06,14.94,-0.0,3.73,27.8,52.7,15.77,56.02,38.59,5.39,41.0,3.13
17,"2018-01-01","Kharif","PMFBY","Tamil Nadu","33",30.0,146966.0,96613.0,132665.0,153.41,103013.72,2651.2,2094.05,2094.05,83.43,16.5,0.07,5.57,0.57,46.43,47.43,13.96,76.96,9.08,9518.0,6839.3
18,"2018-01-01","Kharif","PMFBY","Telangana","36",30.0,451891.0,420270.0,64227.0,468.58,364127.06,7739.14,7984.81,7984.81,71.43,28.51,0.06,9.13,7.72,54.41,28.74,12.99,76.87,10.14,7672.0,23708.76
19,"2018-01-01","Kharif","PMFBY","Uttar Pradesh","9",75.0,2777358.0,3110368.0,84257.0,2833.84,1091284.94,21825.55,30135.31,30135.31,91.7,8.25,0.05,7.18,0.6,29.05,63.17,27.98,61.35,10.67,51979.0,82096.17
20,"2018-01-01","Kharif","PMFBY","Uttarakhand","5",13.0,87789.0,79508.0,15829.0,55.89,39336.16,470.92,44.13,44.13,91.41,8.55,0.04,8.21,11.07,12.94,67.78,20.06,72.48,7.46,219.0,559.18
21,"2018-01-01","Kharif","PMFBY","West Bengal","19",22.0,1908485.0,1513145.0,960267.0,1021.22,636672.08,0.0,5816.36,17997.3,88.71,11.27,0.02,9.97,1.35,7.85,80.83,26.12,61.74,12.14,3331.0,23813.66
22,"2018-01-01","Kharif","WBCIS","Andhra Pradesh","28",9.0,722658.0,734753.0,19983.0,1161.77,569222.9,12190.72,28842.15,28842.15,68.82,31.12,0.06,6.58,3.17,49.92,40.33,15.18,65.8,19.02,353.0,69875.02
23,"2018-01-01","Kharif","WBCIS","Chhattisgarh","22",27.0,6914.0,2688.0,6177.0,6.21,6336.68,316.83,1202.41,1202.41,90.41,9.55,0.04,3.5,29.19,49.79,17.52,5.76,73.66,20.58,325.0,2721.65
24,"2018-01-01","Kharif","WBCIS","Himachal Pradesh","2",8.0,9159.0,9450.0,171.0,1.41,1476.5,73.82,40.19,40.19,93.57,6.4,0.03,12.07,1.38,13.31,73.24,45.17,51.79,3.04,33.0,154.2
25,"2018-01-01","Kharif","WBCIS","Karnataka","29",30.0,193618.0,160458.0,33160.0,0.09,1.14,0.06,0.14,0.14,85.54,14.46,-0.0,2.13,4.14,17.16,76.57,17.73,40.11,42.16,10368.0,0.35
26,"2018-01-01","Kharif","WBCIS","Kerala","32",12.0,17469.0,17747.0,1446.0,13.62,6854.47,176.84,431.31,431.31,73.05,26.69,0.26,1.2,0.39,62.59,35.82,25.08,54.35,20.57,347.0,1039.46
27,"2018-01-01","Kharif","WBCIS","Madhya Pradesh","23",48.0,113935.0,125770.0,2527.0,80.89,74287.77,3714.39,2476.29,2476.29,85.55,14.37,0.08,2.19,30.4,51.77,15.64,18.43,61.6,19.97,466.0,8666.97
28,"2018-01-01","Kharif","WBCIS","Maharashtra","27",25.0,126052.0,64791.0,70865.0,119.4,130617.57,6530.88,30036.77,30036.77,85.09,14.86,0.05,16.95,0.6,17.59,64.86,12.26,63.18,24.56,802.0,66604.42
29,"2018-01-01","Kharif","WBCIS","Rajasthan","8",16.0,35103.0,36682.0,3.0,24.45,24273.01,1213.65,1905.72,1905.72,90.8,9.09,0.11,7.35,6.71,66.02,19.92,25.93,42.55,31.52,16.0,5025.09
30,"2018-01-01","Kharif","WBCIS","Telangana","36",29.0,121208.0,111869.0,12557.0,123.79,115052.77,5752.64,10465.39,10465.39,71.24,28.69,0.07,8.62,16.47,50.32,24.59,14.24,73.56,12.2,468.0,26683.42
31,"2018-01-01","Kharif","WBCIS","Uttar Pradesh","9",11.0,4775.0,4901.0,1.0,2.56,2854.93,142.75,223.2,223.2,91.68,8.26,0.06,1.45,0.16,19.07,79.32,16.16,76.17,7.67,53.0,589.15
32,"2018-01-01","Kharif","WBCIS","Uttarakhand","5",11.0,36691.0,38557.0,3631.0,20.72,16657.4,832.87,1408.15,1408.15,96.82,3.16,0.02,16.14,11.84,8.79,63.23,14.08,83.16,2.76,106.0,3649.17
33,"2018-01-01","Kharif","WBCIS","West Bengal","19",9.0,789.0,788.0,10.0,0.05,248.04,12.4,15.23,15.23,89.97,10.03,0.0,2.76,0.0,1.88,95.36,47.99,48.37,3.64,22.0,42.86
34,"2018-01-01","Rabi","PMFBY","Andhra Pradesh","28",13.0,476549.0,138326.0,663264.0,727.64,350471.71,5518.72,15664.39,15664.39,71.39,28.58,0.03,5.15,0.98,32.51,61.36,15.22,72.53,12.25,6389.0,36847.5
35,"2018-01-01","Rabi","PMFBY","Assam","18",24.0,46177.0,0.0,49721.0,32.35,21676.67,431.49,249.09,249.09,86.24,13.73,0.03,2.21,3.62,4.56,89.61,18.17,61.64,20.19,103.0,929.67
36,"2018-01-01","Rabi","PMFBY","Chhattisgarh","22",25.0,168906.0,136405.0,54350.0,273.05,87966.92,1319.5,2774.53,2774.53,89.33,10.55,0.12,7.62,11.9,72.28,8.2,19.21,58.35,22.44,3800.0,6868.56
37,"2018-01-01","Rabi","PMFBY","Goa","30",1.0,1.0,1.0,0.0,0.0,0.33,0.0,0.0,0.0,100.0,0.0,0.0,0.0,0.0,0.0,100.0,100.0,0.0,0.0,1.0,0.01
38,"2018-01-01","Rabi","PMFBY","Gujarat","24",12.0,141.0,181.0,86.0,0.23,90.79,2.2,0.59,0.59,89.51,10.49,-0.0,3.0,1.12,85.02,10.86,0.37,44.94,54.69,56.0,3.38
39,"2018-01-01","Rabi","PMFBY","Haryana","6",22.0,673518.0,770958.0,4284.0,1093.16,697118.42,10247.23,8533.72,8533.72,92.3,7.64,0.06,1.03,0.12,21.24,77.61,16.41,61.49,22.1,6818.0,27314.67
40,"2018-01-01","Rabi","PMFBY","Himachal Pradesh","2",10.0,86482.0,87394.0,895.0,33.57,10069.41,151.04,347.86,347.86,92.42,7.55,0.03,5.77,2.43,10.19,81.61,34.61,52.89,12.5,131.0,846.76
41,"2018-01-01","Rabi","PMFBY","Jammu And Kashmir","1",10.0,66496.0,67002.0,537.0,48.23,38580.44,578.71,1202.19,1202.19,96.44,3.52,0.04,6.38,3.14,3.8,86.68,32.34,50.4,17.26,145.0,2983.09
42,"2018-01-01","Rabi","PMFBY","Jharkhand","20",24.0,72848.0,72781.0,2337.0,61.7,31421.25,453.66,348.13,348.13,86.57,13.37,0.06,14.3,23.06,41.39,21.25,23.01,72.22,4.77,2647.0,1149.92
43,"2018-01-01","Rabi","PMFBY","Karnataka","29",30.0,564692.0,64891.0,499801.0,0.73,2.43,0.04,0.18,0.18,84.16,15.84,0.0,3.16,1.85,16.6,78.39,15.78,46.11,38.11,9088.0,0.39
44,"2018-01-01","Rabi","PMFBY","Kerala","32",14.0,7694.0,8701.0,83.0,8.19,7727.94,142.37,95.39,95.39,59.27,38.93,1.8,0.5,0.06,18.39,81.05,38.04,54.35,7.61,450.0,333.15
45,"2018-01-01","Rabi","PMFBY","Madhya Pradesh","23",51.0,2534942.0,3393280.0,166364.0,6092.59,2251689.21,33775.32,60767.7,60767.7,88.28,11.55,0.17,6.49,5.89,55.04,32.58,17.01,49.66,33.33,18846.0,155310.72
46,"2018-01-01","Rabi","PMFBY","Maharashtra","27",31.0,2401852.0,153075.0,4844262.0,3177.38,789438.36,12805.09,39087.96,39087.96,81.87,18.1,0.03,4.44,0.8,30.83,63.93,13.54,74.25,12.21,1676.0,90981.01
47,"2018-01-01","Rabi","PMFBY","Odisha","21",29.0,69320.0,67937.0,12875.0,71.32,45900.56,663.51,92.08,92.08,89.88,10.06,0.06,9.8,8.56,59.7,21.94,14.53,75.25,10.22,713.0,847.67
48,"2018-01-01","Rabi","PMFBY","Puducherry","34",2.0,101.0,0.0,308.0,0.13,73.41,1.1,1.52,1.52,76.3,23.7,0.0,4.22,0.0,50.65,45.13,44.81,55.19,0.0,17.0,4.14
49,"2018-01-01","Rabi","PMFBY","Rajasthan","8",33.0,1666682.0,2999970.0,1460.0,3126.99,1411421.24,25437.01,44290.13,44290.13,88.92,10.93,0.15,8.22,8.97,61.85,20.96,19.74,50.04,30.22,10613.0,114017.27
50,"2018-01-01","Rabi","PMFBY","Tamil Nadu","33",31.0,1155278.0,435757.0,1893462.0,1381.82,850181.09,14472.8,72192.19,72192.19,72.98,26.96,0.06,10.82,0.22,46.61,42.35,12.16,79.15,8.69,14783.0,158857.18
51,"2018-01-01","Rabi","PMFBY","Telangana","36",30.0,182511.0,165793.0,34053.0,209.37,146900.48,2311.77,1422.0,1422.0,72.28,27.68,0.04,8.73,9.4,54.53,27.34,16.18,66.63,17.19,7195.0,5155.77
52,"2018-01-01","Rabi","PMFBY","Tripura","16",7.0,2024.0,65.0,2049.0,0.33,219.05,5.03,2.04,2.04,88.65,11.31,0.04,27.34,27.01,23.42,22.23,20.06,66.89,13.05,49.0,9.11
53,"2018-01-01","Rabi","PMFBY","Uttar Pradesh","9",75.0,2653980.0,2895751.0,79334.0,2425.09,1155040.29,20286.51,25230.01,25230.01,91.81,8.14,0.05,7.27,0.61,29.34,62.78,27.77,62.43,9.8,53631.0,70746.53
54,"2018-01-01","Rabi","PMFBY","Uttarakhand","5",13.0,44141.0,39234.0,7973.0,30.93,22390.48,335.86,275.57,275.57,90.08,9.86,0.06,7.72,16.62,11.25,64.41,28.78,61.27,9.95,230.0,887.0
55,"2018-01-01","Rabi","PMFBY","West Bengal","19",22.0,2054414.0,1383758.0,1411471.0,999.81,842893.14,8727.99,15393.36,25480.2,87.78,12.2,0.02,11.13,1.28,7.88,79.71,29.11,62.02,8.87,3124.0,49601.55
56,"2018-01-01","Rabi","WBCIS","Andhra Pradesh","28",13.0,11995.0,11161.0,3525.0,461.3,10897.5,544.87,490.86,490.86,73.97,26.02,0.01,2.98,3.68,38.96,54.38,22.4,53.39,24.21,367.0,1526.59
57,"2018-01-01","Rabi","WBCIS","Chhattisgarh","22",27.0,7724.0,2049.0,7005.0,4.15,3874.62,193.73,378.36,378.36,92.28,7.67,0.05,4.63,35.81,44.75,14.81,5.42,77.72,16.86,340.0,950.45
58,"2018-01-01","Rabi","WBCIS","Himachal Pradesh","2",11.0,81937.0,83845.0,276.0,6412.02,51696.93,2584.85,2091.75,2091.75,90.95,8.99,0.06,10.64,8.47,1.87,79.02,45.03,47.24,7.73,1262.0,6768.35
59,"2018-01-01","Rabi","WBCIS","Karnataka","29",30.0,6619.0,1272.0,5347.0,0.01,0.09,0.0,0.01,0.01,85.3,14.7,0.0,3.85,1.02,23.33,71.8,10.28,36.5,53.22,1629.0,0.03
60,"2018-01-01","Rabi","WBCIS","Kerala","32",10.0,19727.0,13860.0,8821.0,15.05,11955.06,188.18,926.46,926.46,68.42,31.36,0.22,1.58,0.03,67.13,31.26,13.28,67.47,19.25,193.0,2041.1
61,"2018-01-01","Rabi","WBCIS","Madhya Pradesh","23",50.0,193531.0,283177.0,15135.0,222.87,134436.07,6449.64,2811.18,2811.18,89.71,10.16,0.13,5.63,3.05,58.86,32.46,17.59,38.47,43.94,678.0,12072.0
62,"2018-01-01","Rabi","WBCIS","Maharashtra","27",30.0,202090.0,87226.0,140762.0,199.38,236268.11,11813.41,23289.98,23289.98,84.14,15.81,0.05,3.54,0.86,28.42,67.18,14.96,70.36,14.68,1241.0,58393.37
63,"2018-01-01","Rabi","WBCIS","Rajasthan","8",20.0,58445.0,60455.0,2.0,34.85,38711.8,1935.59,2599.16,2599.16,92.54,7.4,0.06,7.46,8.29,66.6,17.65,17.29,31.41,51.3,20.0,7133.91
64,"2018-01-01","Rabi","WBCIS","Telangana","36",30.0,642.0,349.0,376.0,210.49,1037.11,51.86,0.62,0.62,81.66,18.34,0.0,2.07,2.9,38.62,56.41,9.24,47.86,42.9,206.0,53.09
65,"2018-01-01","Rabi","WBCIS","Uttarakhand","5",13.0,11250.0,8958.0,4172.0,457.51,9880.37,494.02,999.82,999.82,94.81,5.17,0.02,6.41,15.39,15.85,62.35,26.64,60.79,12.57,78.0,2493.66
66,"2018-01-01","Rabi","WBCIS","West Bengal","19",18.0,883.0,832.0,92.0,0.37,403.38,18.69,41.08,41.08,93.4,6.6,-0.0,16.67,1.19,10.06,72.08,11.15,46.97,41.88,69.0,100.85
67,"2019-01-01","Kharif","PMFBY","Andhra Pradesh","28",13.0,1333768.0,1403189.0,1069217.0,1552.36,1279283.71,16.08,41615.44,78689.88,71.72,28.24,0.04,4.45,3.21,44.27,48.07,17.84,76.62,5.54,13851.0,120321.4
68,"2019-01-01","Kharif","PMFBY","Assam","18",27.0,370353.0,26549.0,366418.0,247.81,146639.06,86.76,1516.48,4411.05,81.49,18.47,0.04,2.72,8.12,11.73,77.43,41.88,52.93,5.19,163.0,6014.29
69,"2019-01-01","Kharif","PMFBY","Chhattisgarh","22",27.0,1326347.0,3372785.0,333694.0,2212.65,823376.34,16467.52,49332.27,49332.27,89.02,10.88,0.1,9.73,22.07,63.13,5.07,22.5,52.6,24.9,18573.0,115132.06
70,"2019-01-01","Kharif","PMFBY","Goa","30",2.0,109.0,767.0,9.0,0.11,80.65,2.03,0.34,0.34,86.6,13.4,0.0,1.93,1.16,18.43,78.48,9.92,7.99,82.09,2.0,2.7
71,"2019-01-01","Kharif","PMFBY","Gujarat","24",2.0,2.0,10.0,1.0,0.01,4.51,0.17,0.0,0.0,100.0,0.0,0.0,0.0,0.0,81.82,18.18,9.09,90.91,0.0,2.0,0.17
72,"2019-01-01","Kharif","PMFBY","Haryana","6",22.0,703757.0,829738.0,31341.0,1167.88,861769.33,17117.79,30153.39,41530.26,92.0,7.96,0.04,0.68,0.05,14.27,85.0,18.24,63.01,18.75,6855.0,88801.44
73,"2019-01-01","Kharif","PMFBY","Himachal Pradesh","2",10.0,89592.0,94519.0,1466.0,35.57,10670.8,213.42,145.17,145.17,92.35,7.63,0.02,5.26,2.57,8.49,83.68,36.97,56.61,6.42,128.0,503.76
74,"2019-01-01","Kharif","PMFBY","Jharkhand","20",24.0,888453.0,153186.0,910737.0,621.47,361483.91,21180.8,13961.1,20237.65,74.62,25.32,0.06,5.69,23.28,45.44,25.59,10.21,86.24,3.55,4371.0,55379.55
75,"2019-01-01","Kharif","PMFBY","Karnataka","29",30.0,1416719.0,597612.0,819107.0,1.22,5.5,0.13,0.59,0.59,79.73,20.27,-0.0,4.25,2.59,21.71,71.45,21.89,53.95,24.16,13714.0,1.32
76,"2019-01-01","Kharif","PMFBY","Kerala","32",14.0,6021.0,7713.0,358.0,5.1,5093.53,105.03,136.89,136.89,65.06,34.39,0.55,0.55,0.11,24.59,74.75,42.37,54.18,3.45,365.0,378.81
77,"2019-01-01","Kharif","PMFBY","Madhya Pradesh","23",52.0,2534865.0,4189472.0,51149.0,6546.1,1808326.34,38482.7,122108.36,122108.36,88.01,11.85,0.14,5.13,11.85,57.65,25.37,14.01,52.85,33.14,19380.0,282699.42
78,"2019-01-01","Kharif","PMFBY","Maharashtra","27",34.0,4736071.0,1494882.0,11172393.0,6748.25,2314735.91,58102.59,197595.69,197595.69,81.22,18.75,0.03,5.01,1.98,33.45,59.56,10.11,81.53,8.36,2208.0,453293.97
79,"2019-01-01","Kharif","PMFBY","Manipur","14",7.0,2534.0,684.0,2603.0,2.58,1752.98,35.06,46.1,46.1,67.84,32.16,0.0,12.05,1.86,27.65,58.44,43.5,56.16,0.34,13.0,127.26
80,"2019-01-01","Kharif","PMFBY","Meghalaya","17",6.0,651.0,841.0,0.0,0.45,342.95,12.85,0.2,0.2,46.97,52.91,0.12,0.0,97.98,1.9,0.12,49.23,50.65,0.12,8.0,13.26
81,"2019-01-01","Kharif","PMFBY","Odisha","21",30.0,1999868.0,2877870.0,1882395.0,1843.84,1202259.26,24064.99,97322.98,97322.98,84.29,15.68,0.03,9.2,15.08,58.69,17.03,16.34,76.58,7.08,7061.0,218710.95
82,"2019-01-01","Kharif","PMFBY","Rajasthan","8",33.0,2185880.0,4572656.0,61244.0,5694.41,1660583.53,37993.61,149892.51,149892.51,88.96,10.87,0.17,8.28,7.67,62.17,21.88,17.93,46.74,35.33,11249.0,337778.63
83,"2019-01-01","Kharif","PMFBY","Tamil Nadu","33",31.0,143860.0,143423.0,194338.0,155.12,109336.98,2849.13,4894.15,4894.15,80.97,19.0,0.03,4.84,0.48,47.31,47.37,15.81,74.27,9.92,9337.0,12637.43
84,"2019-01-01","Kharif","PMFBY","Telangana","36",32.0,484486.0,462537.0,85955.0,519.87,413485.48,8711.27,10107.05,10107.05,71.66,28.28,0.06,9.03,8.25,52.35,30.37,20.78,70.34,8.88,8518.0,28925.37
85,"2019-01-01","Kharif","PMFBY","Tripura","16",8.0,27707.0,1950.0,28985.0,5.32,3206.79,64.13,10.39,10.39,86.26,13.73,0.01,10.57,25.51,10.14,53.78,9.39,83.73,6.88,1025.0,84.91
86,"2019-01-01","Kharif","PMFBY","Uttar Pradesh","9",75.0,1911430.0,2282514.0,108511.0,1889.97,797166.29,15943.26,27994.06,27994.06,90.79,9.16,0.05,6.3,0.75,37.87,55.08,35.08,56.68,8.24,51452.0,71931.38
87,"2019-01-01","Kharif","PMFBY","Uttarakhand","5",13.0,80189.0,72104.0,19591.0,49.98,36080.28,603.7,46.95,46.95,89.91,10.06,0.03,8.81,11.44,16.7,63.05,23.62,70.64,5.74,234.0,697.6
88,"2019-01-01","Kharif","WBCIS","Andhra Pradesh","28",9.0,900315.0,1341300.0,285568.0,1540.22,1032730.73,10.0,34989.26,66847.2,73.18,26.75,0.07,5.31,3.05,44.12,47.52,19.36,58.43,22.21,365.0,101846.46
89,"2019-01-01","Kharif","WBCIS","Chhattisgarh","22",27.0,6843.0,6430.0,5610.0,7.21,7603.02,380.15,1027.94,1027.94,90.43,9.55,0.02,4.32,19.14,56.81,19.73,9.02,56.49,34.49,326.0,2436.03
90,"2019-01-01","Kharif","WBCIS","Himachal Pradesh","2",10.0,12238.0,12892.0,132.0,3.13,2944.53,147.23,59.46,59.46,93.11,6.86,0.03,11.31,2.15,5.31,81.23,51.54,45.16,3.3,39.0,266.15
91,"2019-01-01","Kharif","WBCIS","Karnataka","29",30.0,238573.0,188418.0,50155.0,0.1,1.21,0.06,0.16,0.16,85.5,14.5,0.0,1.85,2.19,20.24,75.72,21.68,39.11,39.21,7791.0,0.38
92,"2019-01-01","Kharif","WBCIS","Kerala","32",12.0,17964.0,17847.0,3988.0,14.09,10893.54,268.29,1666.93,1666.93,72.43,27.47,0.1,0.72,0.23,68.47,30.58,21.99,73.61,4.4,342.0,3602.15
93,"2019-01-01","Kharif","WBCIS","Madhya Pradesh","23",42.0,78690.0,93836.0,388.0,64.77,47860.37,2393.01,2557.66,2557.66,84.34,15.58,0.08,2.23,19.59,63.82,14.36,21.48,54.71,23.81,353.0,7508.33
94,"2019-01-01","Kharif","WBCIS","Maharashtra","27",25.0,202178.0,78656.0,157257.0,195.38,206355.0,10317.75,9418.4,9418.4,83.02,16.95,0.03,6.25,0.54,22.29,70.92,10.63,74.61,14.76,870.0,29154.55
95,"2019-01-01","Kharif","WBCIS","Rajasthan","8",10.0,11296.0,12092.0,0.0,13.63,5888.15,294.41,328.25,328.25,92.76,7.07,0.17,12.72,3.03,43.53,40.72,9.11,17.28,73.61,237.0,950.91
96,"2019-01-01","Kharif","WBCIS","Telangana","36",31.0,251762.0,209595.0,66676.0,275.01,248963.77,12448.18,19811.39,19811.39,71.69,28.26,0.05,9.06,17.74,47.59,25.61,19.6,72.06,8.34,511.0,52070.96
97,"2019-01-01","Kharif","WBCIS","Uttar Pradesh","9",15.0,5834.0,5922.0,140.0,2.85,3704.09,183.21,238.65,238.65,92.69,7.31,0.0,1.78,0.13,14.9,83.19,15.19,79.26,5.55,60.0,660.51
98,"2019-01-01","Kharif","WBCIS","Uttarakhand","5",11.0,41481.0,43262.0,4895.0,25.6,20551.38,1022.41,1709.61,1709.61,96.47,3.52,0.01,16.93,8.73,7.39,66.95,15.25,83.35,1.4,101.0,4441.63
99,"2019-01-01","Rabi","PMFBY","Assam","18",25.0,362512.0,7014.0,643586.0,344.4,277916.37,361.3,1050.56,7599.61,74.92,25.04,0.04,3.95,4.14,9.23,82.68,31.89,65.71,2.4,155.0,9011.47
100,"2019-01-01","Rabi","PMFBY","Chhattisgarh","22",25.0,135690.0,267564.0,39941.0,225.04,73079.54,1096.19,2424.06,2424.06,91.17,8.74,0.09,9.21,7.81,73.95,9.03,20.65,51.27,28.08,4137.0,5944.31
101,"2019-01-01","Rabi","PMFBY","Goa","30",2.0,49.0,145.0,0.0,0.04,20.04,0.3,0.43,0.43,80.0,20.0,0.0,0.0,9.66,48.97,41.37,55.17,17.93,26.9,6.0,1.17
102,"2019-01-01","Rabi","PMFBY","Gujarat","24",10.0,263.0,30.0,321.0,0.07,23.76,0.45,0.26,0.26,92.02,7.98,0.0,5.41,9.12,42.17,43.3,5.41,89.74,4.85,37.0,0.97
103,"2019-01-01","Rabi","PMFBY","Haryana","6",22.0,692526.0,888615.0,18651.0,1157.62,696248.61,10443.71,13503.01,13503.01,91.66,8.29,0.05,0.6,0.05,14.14,85.21,19.19,57.58,23.23,6847.0,37449.73
104,"2019-01-01","Rabi","PMFBY","Himachal Pradesh","2",10.0,89714.0,92353.0,1057.0,35.0,10500.27,157.49,391.86,391.86,92.21,7.77,0.02,5.27,2.69,8.69,83.35,36.99,56.51,6.5,129.0,941.21
105,"2019-01-01","Rabi","PMFBY","Jharkhand","20",24.0,25411.0,18217.0,9129.0,14.12,8223.92,137.36,148.54,148.54,76.57,23.37,0.06,8.02,25.75,44.32,21.91,39.55,56.04,4.41,1719.0,434.44
106,"2019-01-01","Rabi","PMFBY","Karnataka","29",30.0,10611.0,7374.0,3237.0,0.01,0.08,0.0,0.0,0.0,83.1,16.9,0.0,2.15,2.33,23.0,72.52,15.34,40.96,43.7,1483.0,0.0
107,"2019-01-01","Rabi","PMFBY","Kerala","32",14.0,6844.0,9300.0,365.0,5.73,5093.71,88.52,56.11,56.11,62.88,36.79,0.33,0.54,0.06,18.37,81.03,40.46,55.81,3.73,327.0,200.74
108,"2019-01-01","Rabi","PMFBY","Madhya Pradesh","23",52.0,2010148.0,3767592.0,25818.0,5198.02,1468172.58,22011.17,41594.91,41594.91,89.16,10.68,0.16,5.09,6.07,59.49,29.35,13.38,49.24,37.38,19051.0,105200.99
109,"2019-01-01","Rabi","PMFBY","Maharashtra","27",21.0,656565.0,86555.0,1372825.0,805.17,222764.62,3762.32,19220.47,19220.47,80.04,19.94,0.02,3.6,0.96,20.4,75.04,6.77,86.42,6.81,2731.0,42203.26
110,"2019-01-01","Rabi","PMFBY","Odisha","21",30.0,63110.0,188743.0,13921.0,66.21,44586.91,666.52,212.18,212.18,91.65,8.25,0.1,6.92,7.44,66.22,19.42,13.51,72.12,14.37,914.0,1090.88
111,"2019-01-01","Rabi","PMFBY","Puducherry","34",2.0,8961.0,17.0,23738.0,19.47,13136.87,212.01,243.53,243.53,69.57,30.33,0.1,7.27,0.23,63.76,28.74,0.64,99.18,0.18,107.0,699.07
112,"2019-01-01","Rabi","PMFBY","Rajasthan","8",33.0,2071735.0,3936820.0,42372.0,4178.27,1862782.44,35084.1,68260.99,68260.99,88.75,11.08,0.17,7.99,8.86,62.26,20.89,19.1,49.11,31.79,10545.0,171606.08
113,"2019-01-01","Rabi","PMFBY","Sikkim","11",2.0,21.0,20.0,1.0,0.0,7.77,0.16,0.0,0.0,76.19,23.81,0.0,9.52,90.48,0.0,0.0,0.0,100.0,0.0,3.0,0.16
114,"2019-01-01","Rabi","PMFBY","Tamil Nadu","33",31.0,1043779.0,778273.0,2802171.0,1280.19,850928.06,15070.58,84704.89,84704.89,70.88,29.08,0.04,9.52,0.19,43.76,46.53,11.78,81.82,6.4,14177.0,184480.36
115,"2019-01-01","Rabi","PMFBY","Telangana","36",32.0,207004.0,211527.0,9434.0,230.34,192690.07,3027.36,2516.38,2516.38,72.25,27.7,0.05,9.05,10.24,53.76,26.95,27.99,58.1,13.91,6994.0,8060.12
116,"2019-01-01","Rabi","PMFBY","Tripura","16",8.0,6318.0,1509.0,5157.0,1.04,679.31,14.85,5.67,5.67,87.35,12.59,0.06,17.03,30.57,18.87,33.53,17.67,72.77,9.56,71.0,26.19
117,"2019-01-01","Rabi","PMFBY","Uttar Pradesh","9",75.0,1907598.0,2257999.0,74512.0,1808.65,922538.72,16180.49,21433.09,21433.09,91.72,8.23,0.05,5.86,0.71,36.62,56.81,36.73,54.99,8.28,53409.0,59046.67
118,"2019-01-01","Rabi","PMFBY","Uttarakhand","5",13.0,47685.0,40257.0,13330.0,32.4,23722.43,355.83,338.14,338.14,89.37,10.6,0.03,7.59,15.44,9.89,67.08,27.54,65.73,6.73,236.0,1032.11
119,"2019-01-01","Rabi","WBCIS","Chhattisgarh","22",27.0,7787.0,6024.0,6944.0,6.0,5521.95,276.1,815.15,815.15,92.47,7.5,0.03,3.29,24.94,49.05,22.72,8.58,61.66,29.76,582.0,1906.4
120,"2019-01-01","Rabi","WBCIS","Himachal Pradesh","2",11.0,83678.0,90808.0,64.0,6909.25,55620.58,2780.79,2167.81,2167.81,90.91,9.07,0.02,9.98,8.06,3.29,78.67,44.67,48.75,6.58,1253.0,7116.41
121,"2019-01-01","Rabi","WBCIS","Kerala","32",11.0,16401.0,12376.0,8155.0,13.47,10690.9,168.91,1573.44,1573.44,69.34,30.56,0.1,1.34,0.06,70.58,28.02,10.89,81.95,7.16,224.0,3315.79
122,"2019-01-01","Rabi","WBCIS","Madhya Pradesh","23",50.0,127465.0,253902.0,3890.0,161.4,74249.64,3712.47,2117.67,2117.67,91.52,8.38,0.1,4.31,2.57,63.93,29.19,12.19,30.92,56.89,633.0,7947.81
123,"2019-01-01","Rabi","WBCIS","Maharashtra","27",30.0,206219.0,117367.0,146608.0,233.52,301419.18,15070.96,49955.0,49955.0,84.56,15.4,0.04,4.01,1.04,31.37,63.58,15.18,70.17,14.65,1303.0,114980.96
124,"2019-01-01","Rabi","WBCIS","Rajasthan","8",22.0,63896.0,68592.0,22.0,39.15,36511.83,1825.59,3318.58,3318.58,91.49,8.44,0.07,6.37,7.74,69.53,16.36,22.4,34.08,43.52,967.0,8462.75
125,"2019-01-01","Rabi","WBCIS","Telangana","36",29.0,610.0,470.0,381.0,121.78,723.75,36.19,10.73,10.73,81.67,18.33,0.0,9.17,8.46,32.31,50.06,19.15,47.0,33.85,150.0,57.65
126,"2019-01-01","Rabi","WBCIS","Uttar Pradesh","9",17.0,3658.0,3788.0,71.0,3.2,2203.91,110.2,133.8,133.8,90.83,9.17,0.0,8.34,0.49,52.01,39.16,37.34,52.16,10.5,42.0,377.8
127,"2019-01-01","Rabi","WBCIS","Uttarakhand","5",13.0,15479.0,9844.0,12032.0,888.45,17040.04,851.89,2194.45,2194.45,94.3,5.68,0.02,5.26,19.17,15.19,60.38,18.66,76.81,4.53,86.0,5240.79
128,"2020-01-01","Kharif","PMFBY","Andaman & Nicobar Islands","35",3.0,263.0,263.0,0.0,0.24,162.81,0.81,5.7,8.14,88.59,11.41,-0.0,0.0,0.0,38.78,61.22,0.38,99.62,0.0,19.0,14.65
129,"2020-01-01","Kharif","PMFBY","Assam","18",27.0,596528.0,20057.0,810914.0,574.21,325827.35,23.63,7450.17,7613.41,71.73,28.22,0.05,4.84,6.88,10.23,78.05,27.4,69.59,3.01,163.0,15087.21
130,"2020-01-01","Kharif","PMFBY","Chhattisgarh","22",28.0,1313327.0,4166234.0,272622.0,2081.35,810823.64,16216.47,53018.64,53018.64,89.3,10.6,0.1,9.81,23.6,61.28,5.31,21.31,52.71,25.98,18597.0,122253.75
131,"2020-01-01","Kharif","PMFBY","Goa","30",2.0,35.0,84.0,2.0,0.01,12.13,0.43,0.11,0.11,74.42,25.58,0.0,0.0,10.47,25.58,63.95,48.84,33.72,17.44,14.0,0.65
132,"2020-01-01","Kharif","PMFBY","Haryana","6",23.0,644027.0,787748.0,110504.0,1010.92,786502.28,26641.92,35209.59,35219.5,92.1,7.86,0.04,0.62,0.04,16.76,82.58,19.9,58.96,21.14,6819.0,97071.01
133,"2020-01-01","Kharif","PMFBY","Himachal Pradesh","2",10.0,85587.0,88324.0,446.0,31.97,9592.21,191.84,306.61,306.61,92.2,7.78,0.02,5.06,2.72,8.06,84.16,36.82,56.91,6.27,124.0,805.06
134,"2020-01-01","Kharif","PMFBY","Karnataka","29",30.0,1344763.0,442105.0,902658.0,1.26,5.68,0.13,0.58,0.62,79.12,20.88,-0.0,4.72,2.99,24.53,67.76,21.37,54.96,23.67,13776.0,1.34
135,"2020-01-01","Kharif","PMFBY","Kerala","32",14.0,8696.0,10474.0,3518.0,6.38,5568.18,121.33,289.01,289.01,65.67,34.16,0.17,2.94,0.07,32.67,64.32,36.88,61.05,2.07,350.0,699.35
136,"2020-01-01","Kharif","PMFBY","Madhya Pradesh","23",52.0,2823401.0,3922274.0,663469.0,7275.39,2784492.04,57492.67,206830.33,206830.33,87.29,12.58,0.13,5.3,9.79,58.83,26.08,13.65,54.14,32.21,19523.0,471153.33
137,"2020-01-01","Kharif","PMFBY","Maharashtra","27",34.0,4277749.0,1382613.0,9432719.0,5784.23,2217942.61,53226.08,225998.9,245100.84,81.26,18.71,0.03,4.48,2.3,34.12,59.1,10.22,82.99,6.79,2275.0,524325.82
138,"2020-01-01","Kharif","PMFBY","Meghalaya","17",4.0,130.0,129.0,1.0,0.1,76.83,3.69,0.03,0.0,51.54,48.46,0.0,0.0,96.92,2.31,0.77,96.92,3.08,-0.0,6.0,3.73
139,"2020-01-01","Kharif","PMFBY","Odisha","21",30.0,1586108.0,7595941.0,1863115.0,1138.45,767567.53,15354.8,63517.73,63517.73,85.79,14.18,0.03,8.16,11.26,58.54,22.04,15.87,79.35,4.78,6909.0,142390.26
140,"2020-01-01","Kharif","PMFBY","Puducherry","34",2.0,336.0,0.0,340.0,0.18,136.62,0.0,4.64,7.37,64.41,35.59,0.0,68.53,0.0,9.41,22.06,0.59,99.41,0.0,6.0,12.01
141,"2020-01-01","Kharif","PMFBY","Rajasthan","8",33.0,3045008.0,6568520.0,151999.0,7332.97,2049567.42,43164.39,161715.55,175432.28,87.98,11.84,0.18,8.82,8.06,62.17,20.95,19.12,48.1,32.78,11330.0,380312.22
142,"2020-01-01","Kharif","PMFBY","Sikkim","11",3.0,46.0,55.0,1.0,0.02,23.57,0.65,0.0,0.0,66.07,33.93,0.0,14.29,17.86,50.0,17.85,39.29,57.14,3.57,28.0,0.65
143,"2020-01-01","Kharif","PMFBY","Tamil Nadu","33",30.0,190525.0,72992.0,548885.0,203.27,125611.03,2589.21,5809.3,7192.41,79.08,20.88,0.04,8.16,0.53,50.91,40.4,10.38,85.44,4.18,8647.0,15590.92
144,"2020-01-01","Kharif","PMFBY","Tripura","16",8.0,172048.0,11437.0,194514.0,31.2,21540.03,22.47,96.91,419.09,81.24,18.73,0.03,13.77,36.3,14.64,35.29,5.35,88.54,6.11,1181.0,538.47
145,"2020-01-01","Kharif","PMFBY","Uttar Pradesh","9",75.0,1868129.0,2170359.0,57746.0,1695.96,887855.22,17757.0,33251.04,33353.73,91.41,8.54,0.05,6.03,0.67,35.9,57.4,35.61,55.18,9.21,49182.0,84361.77
146,"2020-01-01","Kharif","PMFBY","Uttarakhand","5",13.0,44182.0,28035.0,20913.0,14.88,11008.75,220.17,90.5,90.5,90.27,9.71,0.02,12.51,4.97,13.82,68.7,20.81,76.94,2.25,230.0,401.17
147,"2020-01-01","Kharif","WBCIS","Chhattisgarh","22",28.0,9572.0,9179.0,8711.0,10.23,10581.22,529.06,1174.87,2585.44,90.26,9.71,0.03,3.92,19.59,53.78,22.71,12.6,57.92,29.48,556.0,4289.37
148,"2020-01-01","Kharif","WBCIS","Himachal Pradesh","2",7.0,6299.0,6483.0,60.0,1.24,1180.44,59.02,79.07,79.07,92.88,7.08,0.04,10.55,0.37,4.57,84.51,50.77,45.59,3.64,514.0,217.16
149,"2020-01-01","Kharif","WBCIS","Karnataka","29",30.0,282747.0,230444.0,52303.0,0.12,1.42,0.07,0.15,0.32,82.19,17.81,0.0,2.12,2.65,27.08,68.15,23.9,45.89,30.21,9722.0,0.54
150,"2020-01-01","Kharif","WBCIS","Kerala","32",12.0,21967.0,17703.0,10756.0,16.17,12896.37,274.9,1782.63,1795.55,70.9,29.0,0.1,0.95,0.18,77.09,21.78,22.22,75.54,2.24,328.0,3853.08
151,"2020-01-01","Kharif","WBCIS","Maharashtra","27",25.0,168728.0,80094.0,135639.0,152.55,165096.94,8254.85,6011.5,7648.11,84.35,15.61,0.04,6.36,0.54,23.42,69.68,9.96,74.53,15.51,931.0,21914.46
152,"2020-01-01","Kharif","WBCIS","Rajasthan","8",10.0,9874.0,10567.0,8.0,12.94,4416.77,220.84,256.02,256.02,92.23,7.62,0.15,10.33,2.83,47.32,39.52,7.07,14.18,78.75,303.0,732.88
153,"2020-01-01","Kharif","WBCIS","Uttar Pradesh","9",16.0,4525.0,4662.0,22.0,2.29,2763.45,138.17,100.84,100.85,92.23,7.77,-0.0,0.3,0.06,11.19,88.45,15.46,78.25,6.29,63.0,339.86
154,"2020-01-01","Kharif","WBCIS","Uttarakhand","5",11.0,48568.0,51354.0,5405.0,32.18,25892.41,1294.62,2351.0,2351.0,96.45,3.53,0.02,16.84,11.26,9.36,62.54,16.24,82.82,0.94,103.0,5996.62
155,"2020-01-01","Rabi","PMFBY","Andaman & Nicobar Islands","35",1.0,44.0,76.0,0.0,0.02,11.62,0.06,0.31,0.53,86.84,13.16,-0.0,0.0,0.0,27.63,72.37,0.0,100.0,0.0,7.0,0.9
156,"2020-01-01","Rabi","PMFBY","Assam","18",27.0,868590.0,5163.0,1165424.0,722.92,568536.96,33.31,5121.93,15352.33,70.77,29.17,0.06,1.86,4.58,6.25,87.31,30.84,67.91,1.25,160.0,20507.57
157,"2020-01-01","Rabi","PMFBY","Chhattisgarh","22",24.0,237239.0,576416.0,137014.0,369.09,122162.37,1832.42,7904.31,7904.31,90.98,8.94,0.08,9.76,6.88,75.4,7.96,20.52,53.51,25.97,4548.0,17641.04
158,"2020-01-01","Rabi","PMFBY","Haryana","6",22.0,565507.0,736934.0,32375.0,893.65,541021.84,8115.29,13416.71,13427.81,91.59,8.37,0.04,0.66,0.04,18.86,80.44,20.94,56.2,22.86,6819.0,34959.81
159,"2020-01-01","Rabi","PMFBY","Himachal Pradesh","2",10.0,84817.0,87888.0,287.0,32.11,9634.05,144.51,547.55,547.55,92.02,7.96,0.02,5.48,2.94,7.78,83.8,36.13,57.54,6.33,127.0,1239.61
160,"2020-01-01","Rabi","PMFBY","Karnataka","29",30.0,161072.0,8973.0,152099.0,0.21,0.67,0.01,0.07,0.08,81.13,18.87,0.0,3.4,3.36,68.92,24.32,17.12,41.68,41.2,7546.0,0.16
161,"2020-01-01","Rabi","PMFBY","Kerala","32",14.0,5064.0,6980.0,414.0,4.5,3900.76,65.59,61.29,61.29,63.65,36.02,0.33,0.55,0.04,17.45,81.96,36.19,58.39,5.42,215.0,188.17
162,"2020-01-01","Rabi","PMFBY","Madhya Pradesh","23",52.0,2154680.0,3843783.0,50796.0,5753.42,2232294.29,33484.39,109378.7,109378.7,88.86,11.0,0.14,5.06,5.71,60.22,29.01,13.68,49.11,37.21,21003.0,252241.79
163,"2020-01-01","Rabi","PMFBY","Maharashtra","27",32.0,566532.0,108258.0,1095611.0,735.88,251619.1,4241.55,25313.75,29414.77,81.44,18.54,0.02,2.67,0.77,29.05,67.51,9.46,81.06,9.48,1714.0,58970.07
164,"2020-01-01","Rabi","PMFBY","Manipur","14",1.0,15.0,15.0,0.0,0.01,5.04,0.25,0.17,0.02,86.67,13.33,-0.0,33.33,0.0,0.0,66.67,0.0,100.0,0.0,1.0,0.44
165,"2020-01-01","Rabi","PMFBY","Odisha","21",30.0,52328.0,200076.0,102329.0,52.03,33943.78,501.34,510.38,510.38,88.64,11.32,0.04,5.83,8.55,65.28,20.34,15.1,74.77,10.13,908.0,1522.1
166,"2020-01-01","Rabi","PMFBY","Puducherry","34",2.0,9021.0,73.0,10648.0,7.86,5297.09,0.31,169.57,263.14,67.2,32.77,0.03,8.94,0.2,65.09,25.77,2.07,95.82,2.11,107.0,433.02
167,"2020-01-01","Rabi","PMFBY","Rajasthan","8",33.0,2143246.0,4017382.0,20328.0,4046.35,2421249.71,46048.61,99179.13,104979.73,88.28,11.57,0.15,8.2,9.54,60.95,21.31,19.66,50.09,30.25,10586.0,250207.47
168,"2020-01-01","Rabi","PMFBY","Sikkim","11",1.0,22.0,2.0,27.0,0.01,4.4,0.07,0.0,0.0,75.86,24.14,0.0,6.9,24.14,48.28,20.68,37.93,55.17,6.9,7.0,0.07
169,"2020-01-01","Rabi","PMFBY","Tamil Nadu","33",36.0,1302501.0,603658.0,4956418.0,1623.83,971315.56,16160.47,109963.67,187956.48,71.33,28.64,0.03,10.15,0.14,47.78,41.93,9.88,86.02,4.1,11752.0,314080.62
170,"2020-01-01","Rabi","PMFBY","Tripura","16",8.0,48254.0,1494.0,54953.0,7.19,4984.7,7.33,94.48,79.65,83.16,16.83,0.01,6.98,12.97,10.13,69.92,22.8,75.37,1.83,76.0,181.46
171,"2020-01-01","Rabi","PMFBY","Uttar Pradesh","9",75.0,1731998.0,1948445.0,33556.0,1472.7,934682.78,15297.39,31057.41,31057.41,91.66,8.29,0.05,5.69,0.6,33.63,60.08,34.09,57.35,8.56,50791.0,77412.21
172,"2020-01-01","Rabi","PMFBY","Uttarakhand","5",13.0,29885.0,14790.0,18112.0,9.86,6626.86,99.4,128.39,128.39,89.0,10.99,0.01,10.46,6.87,9.25,73.42,22.35,74.48,3.17,220.0,356.18
173,"2020-01-01","Rabi","WBCIS","Chhattisgarh","22",27.0,5964.0,6334.0,6487.0,5.68,5363.5,268.18,548.94,1082.8,91.09,8.89,0.02,4.29,15.59,59.22,20.9,15.77,51.17,33.06,478.0,1899.92
174,"2020-01-01","Rabi","WBCIS","Himachal Pradesh","2",10.0,61973.0,64886.0,248.0,4717.08,38003.38,1900.17,2797.6,3471.8,91.32,8.65,0.03,10.57,12.24,1.73,75.46,39.64,54.05,6.31,1238.0,8169.57
175,"2020-01-01","Rabi","WBCIS","Karnataka","29",30.0,8112.0,448.0,7664.0,0.01,0.07,0.0,0.01,0.01,83.43,16.57,-0.0,4.5,1.35,69.48,24.67,13.71,27.98,58.31,1972.0,0.02
176,"2020-01-01","Rabi","WBCIS","Kerala","32",12.0,21786.0,12706.0,14408.0,17.39,13865.3,216.01,1714.93,1714.94,68.39,31.54,0.07,1.08,0.04,77.17,21.71,22.4,73.32,4.28,198.0,3645.88
177,"2020-01-01","Rabi","WBCIS","Maharashtra","27",30.0,152521.0,103357.0,110324.0,161.48,215063.6,10753.18,16269.7,20272.25,84.26,15.69,0.05,4.03,1.5,36.44,58.03,16.09,70.75,13.16,1239.0,47295.13
178,"2020-01-01","Rabi","WBCIS","Rajasthan","8",22.0,36979.0,39200.0,5.0,21.78,27073.42,1353.67,2834.48,2834.48,91.23,8.72,0.05,6.73,9.31,67.07,16.89,19.03,32.23,48.74,833.0,7022.63
179,"2020-01-01","Rabi","WBCIS","Uttar Pradesh","9",22.0,982.0,1247.0,120.0,0.7,481.93,24.1,27.94,32.21,93.34,6.66,-0.0,6.29,0.22,47.4,46.09,47.55,37.31,15.14,58.0,84.25
180,"2020-01-01","Rabi","WBCIS","Uttarakhand","5",13.0,21315.0,8643.0,24625.0,1996.14,34402.57,1720.13,3999.84,3999.88,93.07,6.92,0.01,6.11,16.98,19.64,57.27,15.12,81.26,3.62,104.0,9719.85
181,"2021-01-01","Kharif","PMFBY","Andaman & Nicobar Islands","35",3.0,359.0,329.0,32.0,0.28,195.35,0.98,6.81,9.74,81.16,18.84,0.0,0.28,0.83,51.25,47.64,2.49,97.51,0.0,25.0,17.53
182,"2021-01-01","Kharif","PMFBY","Assam","18",27.0,576208.0,25136.0,579391.0,309.5,183843.35,27.0,4493.75,4149.16,75.39,24.54,0.07,2.44,4.81,8.32,84.43,24.59,74.38,1.03,164.0,8669.91
183,"2021-01-01","Kharif","PMFBY","Chhattisgarh","22",28.0,1269152.0,4639419.0,292633.0,1970.21,803057.84,16061.15,53011.6,53011.6,89.38,10.52,0.1,9.32,24.09,61.29,5.3,21.69,53.29,25.02,18624.0,122084.35
184,"2021-01-01","Kharif","PMFBY","Goa","30",2.0,23.0,40.0,9.0,0.01,10.51,0.44,0.16,0.16,97.96,2.04,0.0,0.0,10.2,6.12,83.68,10.2,38.78,51.02,15.0,0.76
185,"2021-01-01","Kharif","PMFBY","Haryana","6",22.0,531403.0,672412.0,73987.0,828.0,672102.27,24216.01,31883.98,31884.01,90.83,9.14,0.03,0.83,0.04,13.91,85.22,21.15,57.24,21.61,6749.0,87984.0
186,"2021-01-01","Kharif","PMFBY","Himachal Pradesh","2",10.0,87702.0,90829.0,685.0,32.21,9663.17,193.26,317.67,317.67,91.97,8.0,0.03,5.45,2.72,8.19,83.64,35.67,58.33,6.0,125.0,828.6
187,"2021-01-01","Kharif","PMFBY","Jammu And Kashmir","1",4.0,49418.0,52552.0,98.0,22.01,20901.08,418.02,977.89,977.89,96.11,3.87,0.02,6.09,2.31,1.83,89.77,32.21,64.1,3.69,62.0,2373.8
188,"2021-01-01","Kharif","PMFBY","Kerala","32",14.0,5173.0,6318.0,2568.0,4.24,3648.14,78.78,195.32,195.32,66.97,31.62,1.41,0.91,0.09,29.53,69.47,37.01,58.78,4.21,329.0,469.42
189,"2021-01-01","Kharif","PMFBY","Madhya Pradesh","23",52.0,2466204.0,4713443.0,27671.0,6431.16,2475544.75,50802.83,188875.3,188875.3,88.18,11.7,0.12,5.08,8.64,59.78,26.5,14.54,52.34,33.12,20224.0,428553.43
190,"2021-01-01","Kharif","PMFBY","Maharashtra","27",34.0,3607307.0,1045534.0,7361795.0,4875.38,1895414.3,44203.35,195500.89,211658.0,80.87,19.11,0.02,5.2,2.17,35.31,57.32,10.14,83.12,6.74,2430.0,451362.24
191,"2021-01-01","Kharif","PMFBY","Manipur","14",7.0,2147.0,952.0,1754.0,2.46,1679.35,33.85,112.49,12.5,60.35,39.65,0.0,11.94,6.43,29.12,52.51,34.74,61.27,3.99,41.0,158.84
192,"2021-01-01","Kharif","PMFBY","Odisha","21",30.0,1235937.0,5972073.0,2391724.0,1050.22,707755.33,14146.14,62296.94,62296.94,84.0,15.97,0.03,7.84,12.91,58.63,20.62,16.28,78.8,4.92,6873.0,138740.02
193,"2021-01-01","Kharif","PMFBY","Puducherry","34",3.0,2882.0,64.0,3683.0,2.59,1753.66,0.03,46.13,81.17,67.25,32.69,0.06,7.34,0.11,59.89,32.66,1.68,97.36,0.96,90.0,127.33
194,"2021-01-01","Kharif","PMFBY","Rajasthan","8",33.0,3091409.0,17956448.0,987321.0,6741.74,1845223.0,38572.37,153432.64,167493.79,87.58,12.27,0.15,8.0,8.97,62.56,20.47,20.27,49.85,29.88,11341.0,359498.8
195,"2021-01-01","Kharif","PMFBY","Sikkim","11",4.0,2142.0,54.0,2316.0,0.28,252.78,8.51,0.97,0.11,87.05,12.95,0.0,0.68,9.66,21.86,67.8,27.3,72.07,0.63,79.0,9.59
196,"2021-01-01","Kharif","PMFBY","Tamil Nadu","33",34.0,48355.0,1982.0,139916.0,43.42,21970.07,504.74,2008.68,2336.35,83.5,16.48,0.02,5.99,0.93,58.05,35.03,9.31,87.47,3.22,833.0,4849.77
197,"2021-01-01","Kharif","PMFBY","Tripura","16",8.0,170350.0,15817.0,236344.0,37.83,26118.15,26.07,242.1,523.18,82.24,17.73,0.03,9.97,27.06,10.2,52.77,17.32,79.29,3.39,1107.0,791.35
198,"2021-01-01","Kharif","PMFBY","Uttar Pradesh","9",75.0,1788981.0,2006457.0,149413.0,1558.52,783033.98,15660.58,31356.4,31487.05,90.91,9.04,0.05,5.99,0.64,35.98,57.39,32.23,59.21,8.56,49248.0,78504.03
199,"2021-01-01","Kharif","PMFBY","Uttarakhand","5",13.0,44684.0,25374.0,25724.0,11.86,8131.02,162.62,71.55,71.55,89.05,10.93,0.02,13.26,5.14,10.86,70.74,18.95,79.13,1.92,820.0,305.72
200,"2021-01-01","Kharif","WBCIS","Chhattisgarh","22",28.0,11365.0,7048.0,15346.0,12.37,12736.87,636.84,1467.88,3476.21,89.15,10.83,0.02,5.22,18.36,61.71,14.71,17.95,58.65,23.4,575.0,5580.93
201,"2021-01-01","Kharif","WBCIS","Himachal Pradesh","2",10.0,8089.0,8836.0,111.0,1.89,1797.01,89.85,142.66,142.66,92.49,7.47,0.04,9.57,9.04,4.4,76.99,47.27,49.78,2.95,780.0,375.17
202,"2021-01-01","Kharif","WBCIS","Kerala","32",12.0,21083.0,14059.0,14767.0,16.4,13096.44,273.89,1815.79,1824.61,69.2,30.76,0.04,0.9,0.07,83.11,15.92,29.9,67.4,2.7,299.0,3914.29
203,"2021-01-01","Kharif","WBCIS","Maharashtra","27",25.0,104199.0,50915.0,79367.0,97.39,107862.61,5534.0,4559.82,4917.16,84.26,15.71,0.03,3.3,0.56,26.32,69.82,9.91,75.87,14.22,912.0,15010.98
204,"2021-01-01","Kharif","WBCIS","Rajasthan","8",11.0,6944.0,9655.0,1.0,9.83,3281.22,164.06,183.97,183.97,92.32,7.62,0.06,9.09,2.16,49.02,39.73,9.75,13.57,76.68,282.0,532.0
205,"2021-01-01","Kharif","WBCIS","Uttar Pradesh","9",18.0,5547.0,6071.0,454.0,2.61,2955.52,147.78,111.83,111.87,91.92,8.08,-0.0,1.35,0.49,13.38,84.78,20.29,71.72,7.99,70.0,371.48
206,"2021-01-01","Kharif","WBCIS","Uttarakhand","5",11.0,51274.0,52272.0,10075.0,37.77,30438.29,1521.91,2775.37,2775.37,95.88,4.1,0.02,15.55,11.14,12.72,60.59,13.6,85.55,0.85,105.0,7072.65
207,"2021-01-01","Rabi","PMFBY","Andaman & Nicobar Islands","35",2.0,169.0,169.0,1.0,0.04,38.24,0.19,1.77,3.33,70.0,30.0,0.0,0.0,0.0,98.24,1.76,10.0,90.0,0.0,8.0,5.29
208,"2021-01-01","Rabi","PMFBY","Assam","18",29.0,563406.0,8203.0,567781.0,364.63,256604.11,100.75,4850.58,4422.55,73.28,26.69,0.03,0.98,2.11,3.32,93.59,33.86,64.96,1.18,1641.0,9373.88
209,"2021-01-01","Rabi","PMFBY","Chhattisgarh","22",25.0,222857.0,802921.0,151650.0,349.19,122105.06,1831.55,7829.32,7829.32,90.91,9.01,0.08,8.52,7.58,77.03,6.87,21.19,53.81,25.0,4487.0,17490.19
210,"2021-01-01","Rabi","PMFBY","Goa","30",1.0,12.0,0.0,15.0,0.0,1.33,0.02,0.0,0.0,100.0,0.0,0.0,0.0,0.0,53.33,46.67,0.0,100.0,0.0,9.0,0.03
211,"2021-01-01","Rabi","PMFBY","Haryana","6",22.0,512583.0,660909.0,72277.0,824.44,506695.77,7600.4,13621.56,13629.17,90.38,9.59,0.03,0.79,0.04,14.67,84.5,22.07,56.69,21.24,6706.0,34851.13
212,"2021-01-01","Rabi","PMFBY","Himachal Pradesh","2",10.0,84111.0,86738.0,756.0,30.81,9243.39,138.65,542.87,542.87,91.97,8.0,0.03,5.1,2.82,7.75,84.33,37.31,57.28,5.41,125.0,1224.39
213,"2021-01-01","Rabi","PMFBY","Jammu And Kashmir","1",4.0,37200.0,38942.0,128.0,20.38,16311.33,244.67,709.05,709.05,95.9,4.08,0.02,7.69,1.89,1.75,88.67,39.48,56.22,4.3,60.0,1662.77
214,"2021-01-01","Rabi","PMFBY","Kerala","32",14.0,4794.0,6734.0,1442.0,4.29,3570.13,57.49,60.14,60.14,65.77,34.09,0.14,0.91,0.02,22.0,77.07,36.96,60.37,2.67,197.0,177.77
215,"2021-01-01","Rabi","PMFBY","Madhya Pradesh","23",52.0,2006657.0,4533289.0,14023.0,5227.38,2064541.07,30968.09,108732.08,108732.08,89.65,10.21,0.14,4.81,4.46,60.9,29.83,13.4,47.98,38.62,20751.0,248432.25
216,"2021-01-01","Rabi","PMFBY","Maharashtra","27",32.0,661615.0,106836.0,1138060.0,845.84,295314.51,4873.16,28598.75,34245.96,82.01,17.97,0.02,2.57,0.77,29.78,66.88,9.97,80.83,9.2,1764.0,67717.87
217,"2021-01-01","Rabi","PMFBY","Manipur","14",6.0,123.0,0.0,125.0,0.05,23.48,0.58,0.22,0.02,60.0,40.0,0.0,0.0,65.6,18.4,16.0,26.4,71.2,2.4,11.0,0.82
218,"2021-01-01","Rabi","PMFBY","Odisha","21",30.0,34850.0,168036.0,61120.0,41.78,28239.19,413.23,432.17,432.17,88.26,11.66,0.08,6.01,9.49,68.06,16.44,16.98,71.16,11.86,846.0,1277.57
219,"2021-01-01","Rabi","PMFBY","Puducherry","34",3.0,10774.0,134.0,32123.0,11.51,7597.68,0.14,219.36,353.21,70.11,29.81,0.08,6.76,0.13,65.27,27.84,6.13,91.57,2.3,114.0,572.71
220,"2021-01-01","Rabi","PMFBY","Rajasthan","8",33.0,2362884.0,15062641.0,840271.0,4047.68,2304298.86,43210.71,102647.69,110132.95,87.98,11.89,0.13,7.48,9.6,63.21,19.71,20.72,53.06,26.22,10568.0,255991.35
221,"2021-01-01","Rabi","PMFBY","Sikkim","11",3.0,100.0,0.0,105.0,0.01,15.91,0.24,0.33,0.04,86.67,13.33,-0.0,0.0,6.67,2.86,90.47,90.48,9.52,-0.0,17.0,0.61
222,"2021-01-01","Rabi","PMFBY","Tamil Nadu","33",41.0,1390188.0,560704.0,5482757.0,1624.9,1071391.85,17383.59,110169.71,174315.29,71.5,28.47,0.03,9.57,0.18,47.8,42.45,9.17,87.48,3.35,11894.0,301868.59
223,"2021-01-01","Rabi","PMFBY","Tripura","16",8.0,74684.0,3846.0,83841.0,15.02,10410.01,12.26,142.13,161.02,83.13,16.84,0.03,7.6,18.39,7.48,66.53,27.44,70.78,1.78,73.0,315.41
224,"2021-01-01","Rabi","PMFBY","Uttar Pradesh","9",75.0,1667412.0,1874643.0,106043.0,1414.76,885391.37,14006.67,30345.54,30345.54,91.06,8.89,0.05,5.67,0.74,35.58,58.01,32.07,58.98,8.95,50372.0,74697.75
225,"2021-01-01","Rabi","PMFBY","Uttarakhand","5",13.0,34452.0,17949.0,19553.0,9.55,6019.22,90.29,158.55,158.55,88.92,11.08,-0.0,12.93,12.68,12.09,62.3,23.99,73.59,2.42,879.0,407.39
226,"2021-01-01","Rabi","WBCIS","Chhattisgarh","22",28.0,9178.0,5129.0,13332.0,9.0,8435.2,421.76,891.99,1943.71,88.79,11.16,0.05,4.98,20.97,60.59,13.46,18.06,59.51,22.43,572.0,3257.46
227,"2021-01-01","Rabi","WBCIS","Himachal Pradesh","2",12.0,55799.0,59272.0,236.0,4116.62,33206.74,1660.34,2599.53,3267.24,91.36,8.62,0.02,10.44,14.27,1.71,73.58,38.77,55.14,6.09,1196.0,7527.11
228,"2021-01-01","Rabi","WBCIS","Kerala","32",12.0,33905.0,13314.0,39816.0,26.49,21002.45,333.98,2672.07,2672.26,67.64,32.32,0.04,1.78,0.12,70.59,27.51,19.5,77.27,3.23,242.0,5678.31
229,"2021-01-01","Rabi","WBCIS","Maharashtra","27",30.0,98586.0,87672.0,68267.0,113.55,151601.86,11881.78,18089.94,28333.73,84.46,15.48,0.06,1.46,1.72,39.79,57.03,18.58,67.45,13.97,1158.0,58305.45
230,"2021-01-01","Rabi","WBCIS","Rajasthan","8",22.0,31900.0,57884.0,125.0,20.37,24690.18,1234.51,2531.53,2531.53,91.54,8.37,0.09,6.25,11.21,66.42,16.12,22.11,30.47,47.42,846.0,6297.57
231,"2021-01-01","Rabi","WBCIS","Uttar Pradesh","9",25.0,1762.0,1466.0,761.0,0.9,619.38,30.97,36.0,39.09,87.7,12.3,-0.0,6.87,1.3,44.54,47.29,36.28,53.88,9.84,94.0,106.06
232,"2021-01-01","Rabi","WBCIS","Uttarakhand","5",13.0,23836.0,13090.0,23997.0,2416.42,44698.08,2234.9,5268.64,5268.72,92.76,7.22,0.02,5.75,32.25,22.81,39.19,16.21,81.15,2.64,106.0,12772.26
233,"2022-01-01","Kharif","PMFBY","Andaman & Nicobar Islands","35",2.0,131.0,131.0,0.0,0.05,35.83,0.18,1.25,1.79,76.34,23.66,-0.0,0.0,0.0,95.42,4.58,0.0,100.0,0.0,13.0,3.22
234,"2022-01-01","Kharif","PMFBY","Andhra Pradesh","28",26.0,2487913.0,7455667.0,0.0,1996.33,1842308.42,46442.0,65896.02,73036.07,73.98,25.99,0.03,1.17,1.1,80.23,17.5,0.0,100.0,0.0,13227.0,185374.09
235,"2022-01-01","Kharif","PMFBY","Assam","18",34.0,247882.0,8914.0,253745.0,170.85,112883.56,273.9,4682.4,2502.29,77.9,22.07,0.03,4.97,8.16,12.03,74.84,18.38,79.36,2.26,2174.0,7458.59
236,"2022-01-01","Kharif","PMFBY","Chhattisgarh","22",28.0,1296403.0,6036957.0,283047.0,1894.6,857096.02,17141.91,56676.52,56676.52,89.46,10.43,0.11,8.96,26.2,59.51,5.33,21.07,53.55,25.38,18818.0,130494.95
237,"2022-01-01","Kharif","PMFBY","Goa","30",2.0,196.0,34.0,301.0,0.06,41.7,0.96,0.09,0.09,88.36,11.64,0.0,0.0,27.76,16.72,55.52,3.88,86.87,9.25,50.0,1.13
238,"2022-01-01","Kharif","PMFBY","Haryana","6",22.0,543324.0,658944.0,158247.0,858.01,730100.45,28625.85,36543.93,36545.07,89.49,10.49,0.02,1.01,0.04,13.96,84.99,21.28,58.54,20.18,6635.0,101714.85
239,"2022-01-01","Kharif","PMFBY","Himachal Pradesh","2",10.0,94900.0,99454.0,857.0,34.66,10397.37,207.95,338.33,338.33,91.81,8.16,0.03,5.5,2.78,8.1,83.62,35.12,59.42,5.46,119.0,884.61
240,"2022-01-01","Kharif","PMFBY","Jammu And Kashmir","1",4.0,47881.0,49970.0,254.0,22.72,21946.02,438.92,962.44,962.44,95.65,4.33,0.02,6.48,1.67,1.79,90.06,33.02,63.47,3.51,62.0,2363.8
241,"2022-01-01","Kharif","PMFBY","Kerala","32",14.0,5183.0,5352.0,3541.0,4.4,3746.39,80.03,204.31,204.31,67.56,32.04,0.4,0.82,0.1,25.66,73.42,35.57,60.86,3.57,337.0,488.65
242,"2022-01-01","Kharif","PMFBY","Madhya Pradesh","23",52.0,2434028.0,9135444.0,483518.0,4844.21,1913401.59,39531.86,116881.81,116881.81,89.46,10.41,0.13,4.61,7.16,62.23,26.0,14.55,52.93,32.52,19884.0,273295.48
243,"2022-01-01","Kharif","PMFBY","Maharashtra","27",34.0,4356955.0,748975.0,8913180.0,5764.16,2783903.71,65609.37,187793.64,188098.75,80.12,19.85,0.03,5.15,2.08,33.18,59.59,7.9,87.15,4.95,2464.0,441501.76
244,"2022-01-01","Kharif","PMFBY","Manipur","14",9.0,3178.0,1398.0,2625.0,3.08,2126.55,44.28,132.21,14.69,56.8,43.18,0.02,9.25,24.21,23.89,42.65,36.96,56.2,6.84,58.0,191.18
245,"2022-01-01","Kharif","PMFBY","Meghalaya","17",6.0,270.0,263.0,7.0,0.06,59.99,2.69,2.37,0.26,27.78,72.22,0.0,0.0,99.26,0.0,0.74,56.67,41.85,1.48,12.0,5.32
246,"2022-01-01","Kharif","PMFBY","Odisha","21",30.0,1165138.0,5783113.0,2508551.0,978.93,704199.17,14076.49,63157.63,63157.63,83.24,16.73,0.03,7.74,15.75,56.64,19.87,16.71,78.2,5.09,6806.0,140391.75
247,"2022-01-01","Kharif","PMFBY","Puducherry","34",3.0,2815.0,27.0,6576.0,2.75,1865.91,0.03,43.41,80.7,71.03,28.96,0.01,5.85,0.24,59.67,34.24,4.73,93.28,1.99,82.0,124.14
248,"2022-01-01","Kharif","PMFBY","Rajasthan","8",33.0,3040308.0,20685106.0,1280930.0,6618.45,1869422.89,38925.63,156416.04,167506.81,87.06,12.79,0.15,7.94,8.12,63.69,20.25,19.26,50.27,30.47,11383.0,362848.48
249,"2022-01-01","Kharif","PMFBY","Sikkim","11",3.0,3181.0,3.0,3541.0,0.46,360.73,11.33,2.33,0.26,85.21,14.79,0.0,0.59,4.09,8.52,86.8,37.39,60.02,2.59,110.0,13.92
250,"2022-01-01","Kharif","PMFBY","Tripura","16",8.0,174069.0,11217.0,235456.0,46.79,32301.17,30.1,290.36,648.17,81.77,18.2,0.03,13.19,28.3,11.58,46.93,10.67,84.82,4.51,1111.0,968.63
251,"2022-01-01","Kharif","PMFBY","Uttar Pradesh","9",75.0,1797498.0,2003863.0,293832.0,1638.66,797269.27,15945.28,33374.52,33569.01,90.08,9.87,0.05,6.53,0.73,39.75,52.99,31.95,59.49,8.56,49791.0,82888.81
252,"2022-01-01","Kharif","PMFBY","Uttarakhand","5",13.0,49575.0,35065.0,23274.0,11.8,7789.09,155.78,78.02,78.02,90.56,9.42,0.02,12.36,9.69,12.01,65.94,17.34,81.07,1.59,4660.0,311.82
253,"2022-01-01","Kharif","WBCIS","Chhattisgarh","22",28.0,16083.0,8311.0,36521.0,16.98,20267.48,1013.37,2377.19,5582.12,88.15,11.81,0.04,4.66,14.3,69.3,11.74,17.11,60.39,22.5,597.0,8972.68
254,"2022-01-01","Kharif","WBCIS","Himachal Pradesh","2",10.0,9021.0,10626.0,380.0,2.47,2238.25,111.91,185.45,185.45,93.15,6.83,0.02,9.24,14.36,2.87,73.53,36.81,58.71,4.48,947.0,482.81
255,"2022-01-01","Kharif","WBCIS","Kerala","32",12.0,35505.0,16375.0,41632.0,25.55,20205.95,437.2,2784.94,2812.66,69.78,30.17,0.05,1.26,0.17,79.06,19.51,24.23,72.06,3.71,409.0,6034.8
256,"2022-01-01","Kharif","WBCIS","Maharashtra","27",26.0,88627.0,46096.0,68606.0,81.91,90063.7,4626.31,3907.07,4247.82,84.54,15.43,0.03,2.65,0.59,26.6,70.16,8.7,73.8,17.5,886.0,12781.2
257,"2022-01-01","Kharif","WBCIS","Rajasthan","8",13.0,7033.0,18688.0,1680.0,9.87,3719.43,185.97,244.57,244.57,90.63,9.17,0.2,7.18,2.33,57.83,32.66,7.51,19.84,72.65,363.0,675.11
258,"2022-01-01","Kharif","WBCIS","Uttar Pradesh","9",21.0,4790.0,5415.0,1489.0,2.3,2135.73,106.79,86.08,86.08,91.16,8.84,0.0,3.03,0.56,26.12,70.29,27.4,62.67,9.93,89.0,278.95
259,"2022-01-01","Kharif","WBCIS","Uttarakhand","5",11.0,58599.0,63964.0,13702.0,46.15,37350.29,1867.51,3464.41,3464.41,95.06,4.91,0.03,13.99,16.79,15.9,53.32,13.1,86.14,0.76,104.0,8796.33
260,"2022-01-01","Rabi","PMFBY","Assam","18",32.0,201085.0,3552.0,241503.0,163.17,169808.94,326.64,2104.08,5597.45,72.17,27.8,0.03,2.44,3.79,6.31,87.46,31.68,67.43,0.89,1466.0,8028.17
261,"2022-01-01","Rabi","PMFBY","Chhattisgarh","22",24.0,265216.0,1043418.0,218898.0,381.37,135686.82,2035.27,8773.0,8773.0,90.67,9.24,0.09,8.29,8.35,76.73,6.63,21.22,55.35,23.43,4574.0,19581.27
262,"2022-01-01","Rabi","PMFBY","Goa","30",2.0,35.0,0.0,71.0,0.01,3.26,0.05,0.04,0.04,85.92,14.08,-0.0,0.0,26.76,1.41,71.83,33.8,66.2,0.0,11.0,0.13
263,"2022-01-01","Rabi","PMFBY","Haryana","6",22.0,494210.0,625291.0,77325.0,826.67,529493.28,7942.37,14387.67,14393.4,89.28,10.69,0.03,0.89,0.04,15.14,83.93,23.45,57.55,19.0,6550.0,36723.44
264,"2022-01-01","Rabi","PMFBY","Himachal Pradesh","2",10.0,92008.0,95765.0,529.0,33.36,10008.57,150.13,576.52,576.52,91.77,8.2,0.03,5.34,2.82,8.0,83.84,35.15,59.57,5.28,125.0,1303.17
265,"2022-01-01","Rabi","PMFBY","Jammu And Kashmir","1",4.0,40830.0,41179.0,331.0,20.97,16826.75,252.4,739.27,739.27,95.97,4.0,0.03,7.44,1.51,2.11,88.94,30.76,64.41,4.83,57.0,1730.94
266,"2022-01-01","Rabi","PMFBY","Kerala","32",14.0,4442.0,5412.0,2640.0,3.8,3206.03,52.65,53.27,53.27,65.81,33.97,0.22,2.48,0.27,25.63,71.62,36.7,58.92,4.38,220.0,159.19
267,"2022-01-01","Rabi","PMFBY","Madhya Pradesh","23",52.0,2001069.0,7871270.0,18298.0,4123.84,1677328.64,25159.81,40901.38,40901.38,90.41,9.45,0.14,4.42,4.98,62.21,28.39,13.9,50.29,35.81,21381.0,106962.57
268,"2022-01-01","Rabi","PMFBY","Maharashtra","27",32.0,403409.0,88533.0,655127.0,533.94,202699.33,3292.64,12178.2,12178.2,81.4,18.58,0.02,3.06,1.51,31.02,64.41,9.55,79.1,11.35,1763.0,27649.04
269,"2022-01-01","Rabi","PMFBY","Manipur","14",7.0,224.0,1.0,256.0,0.17,53.28,1.05,0.63,0.07,57.59,41.63,0.78,3.11,21.01,48.64,27.24,45.91,31.13,22.96,10.0,1.76
270,"2022-01-01","Rabi","PMFBY","Meghalaya","17",3.0,67.0,63.0,4.0,0.03,16.65,0.83,1.21,0.13,35.82,64.18,0.0,0.0,94.03,0.0,5.97,68.66,31.34,0.0,3.0,2.17
271,"2022-01-01","Rabi","PMFBY","Odisha","21",28.0,28774.0,136925.0,51760.0,33.17,24209.15,344.67,344.65,344.65,88.63,11.31,0.06,4.69,8.83,68.99,17.49,17.4,71.0,11.6,678.0,1033.97
272,"2022-01-01","Rabi","PMFBY","Puducherry","34",3.0,10142.0,67.0,24382.0,7.99,5365.44,0.11,160.49,241.94,68.66,31.29,0.05,7.06,0.08,66.88,25.98,5.65,92.56,1.79,108.0,402.54
273,"2022-01-01","Rabi","PMFBY","Rajasthan","8",33.0,2347760.0,16811963.0,532008.0,4051.2,2311972.83,44860.58,103766.32,111499.58,87.72,12.15,0.13,7.38,8.92,63.43,20.27,20.39,52.86,26.75,10622.0,260126.48
274,"2022-01-01","Rabi","PMFBY","Sikkim","11",3.0,1366.0,5.0,1476.0,0.13,109.66,3.6,0.34,0.04,85.01,14.92,0.07,0.34,1.01,2.3,96.35,53.14,46.32,0.54,80.0,3.97
275,"2022-01-01","Rabi","PMFBY","Tamil Nadu","33",41.0,1266219.0,653081.0,5541645.0,1565.43,1009895.23,16352.1,107200.6,178868.18,70.7,29.27,0.03,10.02,0.21,48.02,41.75,9.34,87.46,3.2,11605.0,302420.88
276,"2022-01-01","Rabi","PMFBY","Tripura","16",8.0,93234.0,7476.0,112514.0,23.07,15933.97,15.38,213.61,247.7,82.72,17.26,0.02,11.74,25.2,12.04,51.02,13.0,85.62,1.38,76.0,476.69
277,"2022-01-01","Rabi","PMFBY","Uttar Pradesh","9",75.0,1688746.0,1899283.0,196349.0,1415.23,877741.97,13720.6,30791.97,30791.97,87.7,12.25,0.05,6.11,0.91,38.89,54.09,32.76,58.72,8.52,51035.0,75304.54
278,"2022-01-01","Rabi","PMFBY","Uttarakhand","5",13.0,66011.0,40240.0,42013.0,15.5,9044.8,135.67,251.54,251.54,88.73,11.25,0.02,11.52,9.84,11.18,67.46,23.61,75.04,1.35,5762.0,638.75
279,"2022-01-01","Rabi","WBCIS","Chhattisgarh","22",28.0,13519.0,10574.0,33384.0,15.55,18013.21,900.66,1944.26,4249.99,88.81,11.15,0.04,4.74,13.48,66.35,15.43,15.95,57.47,26.58,589.0,7094.91
280,"2022-01-01","Rabi","WBCIS","Himachal Pradesh","2",10.0,57097.0,64894.0,273.0,4208.43,33994.13,1699.71,2753.59,3494.6,91.72,8.26,0.02,9.69,13.16,1.79,75.36,36.11,58.04,5.85,1245.0,7947.9
281,"2022-01-01","Rabi","WBCIS","Kerala","32",12.0,46492.0,14320.0,59449.0,36.35,28966.44,488.97,3431.37,3431.81,69.29,30.66,0.05,2.21,0.32,70.65,26.82,23.26,73.88,2.86,342.0,7352.15
282,"2022-01-01","Rabi","WBCIS","Maharashtra","27",30.0,155304.0,96012.0,152856.0,192.36,260330.01,19669.45,30148.99,46769.64,81.76,18.19,0.05,1.56,1.52,39.6,57.32,15.12,75.44,9.44,1253.0,96588.08
283,"2022-01-01","Rabi","WBCIS","Rajasthan","8",22.0,29148.0,74243.0,54.0,19.13,23270.23,1163.51,2404.22,2404.22,93.34,6.65,0.01,7.54,14.48,60.75,17.23,14.81,23.22,61.97,841.0,5971.95
284,"2022-01-01","Rabi","WBCIS","Uttar Pradesh","9",28.0,1954.0,1747.0,444.0,1.19,826.96,41.35,53.14,58.08,88.41,11.55,0.04,7.58,0.5,38.11,53.81,47.33,43.59,9.08,80.0,152.57
285,"2022-01-01","Rabi","WBCIS","Uttarakhand","5",13.0,41494.0,18636.0,54394.0,4245.26,75080.07,3754.0,8849.58,8849.94,91.82,8.17,0.01,6.17,32.1,25.61,36.12,13.29,85.04,1.67,117.0,21453.52
